SRA ID	SRA Run ID	BioSample ID	Sample name	# of Bases	Size	Published	Layout	Link	Mixture
30190693	SRR26528792	SAMN37987409	06-26-23-A41	671649046		2023/11/24		https://trace.ncbi.nlm.nih.gov/Traces/sra/?run=SRR26528792	Mixture42-v4.1-pos
30190692	SRR26528793	SAMN37987410	06-26-23-A41	634497808		2023/11/24		https://trace.ncbi.nlm.nih.gov/Traces/sra/?run=SRR26528793	Mixture41-v4.1-pos
30190691	SRR26528794	SAMN37987411	06-26-23-A41	589202290		2023/11/24		https://trace.ncbi.nlm.nih.gov/Traces/sra/?run=SRR26528794	Mixture40-v4.1-pos
30190690	SRR26528795	SAMN37987412	06-26-23-A41	687972142		2023/11/24		https://trace.ncbi.nlm.nih.gov/Traces/sra/?run=SRR26528795	Mixture39-v4.1-pos
30190689	SRR26528796	SAMN37987413	06-26-23-A41	681196573		2023/11/24		https://trace.ncbi.nlm.nih.gov/Traces/sra/?run=SRR26528796	Mixture38-v4.1-pos
30190688	SRR26528797	SAMN37987414	06-26-23-A41	813301449		2023/11/24		https://trace.ncbi.nlm.nih.gov/Traces/sra/?run=SRR26528797	Mixture37-v4.1-pos
30190687	SRR26528798	SAMN37987415	06-26-23-A41	919478575		2023/11/24		https://trace.ncbi.nlm.nih.gov/Traces/sra/?run=SRR26528798	Mixture36-v4.1-pos
30190686	SRR26528799	SAMN37987416	06-26-23-A41	778839599		2023/11/24		https://trace.ncbi.nlm.nih.gov/Traces/sra/?run=SRR26528799	Mixture35-v4.1-pos
30190685	SRR26528800	SAMN37987417	06-26-23-A41	718724387		2023/11/24		https://trace.ncbi.nlm.nih.gov/Traces/sra/?run=SRR26528800	Mixture34-v4.1-pos
30190684	SRR26528801	SAMN37987418	06-26-23-A41	790437336		2023/11/24		https://trace.ncbi.nlm.nih.gov/Traces/sra/?run=SRR26528801	Mixture33-v4.1-pos
30190683	SRR26528802	SAMN37987419	06-26-23-A41	660041396		2023/11/24		https://trace.ncbi.nlm.nih.gov/Traces/sra/?run=SRR26528802	Mixture32-v4.1-pos
30190682	SRR26528803	SAMN37987420	06-26-23-A41	584042101		2023/11/24		https://trace.ncbi.nlm.nih.gov/Traces/sra/?run=SRR26528803	Mixture31-v4.1-pos
30190681	SRR26528804	SAMN37987421	06-26-23-A41	679707979		2023/11/24		https://trace.ncbi.nlm.nih.gov/Traces/sra/?run=SRR26528804	Mixture30-v4.1-pos
30190680	SRR26528805	SAMN37987422	06-26-23-A41	813120515		2023/11/24		https://trace.ncbi.nlm.nih.gov/Traces/sra/?run=SRR26528805	Mixture29-v4.1-pos
30190679	SRR26528806	SAMN37987423	06-26-23-A41	783424175		2023/11/24		https://trace.ncbi.nlm.nih.gov/Traces/sra/?run=SRR26528806	Mixture28-v4.1-pos
30190678	SRR26528807	SAMN37987424	06-26-23-A41	862587906		2023/11/24		https://trace.ncbi.nlm.nih.gov/Traces/sra/?run=SRR26528807	Mixture27-v4.1-pos
30190677	SRR26528808	SAMN37987425	06-26-23-A41	654304016		2023/11/24		https://trace.ncbi.nlm.nih.gov/Traces/sra/?run=SRR26528808	Mixture26-v4.1-pos
30190676	SRR26528809	SAMN37987426	06-26-23-A41	619705877		2023/11/24		https://trace.ncbi.nlm.nih.gov/Traces/sra/?run=SRR26528809	Mixture25-v4.1-pos
30190675	SRR26528810	SAMN37987427	06-26-23-A41	702460047		2023/11/24		https://trace.ncbi.nlm.nih.gov/Traces/sra/?run=SRR26528810	Mixture24-v4.1-pos
30190674	SRR26528811	SAMN37987428	06-26-23-A41	663263665		2023/11/24		https://trace.ncbi.nlm.nih.gov/Traces/sra/?run=SRR26528811	Mixture23-v4.1-pos
30190673	SRR26528812	SAMN37987429	06-26-23-A41	675271843		2023/11/24		https://trace.ncbi.nlm.nih.gov/Traces/sra/?run=SRR26528812	Mixture22-v4.1-pos
30190672	SRR26528813	SAMN37987430	06-26-23-A41	642655130		2023/11/24		https://trace.ncbi.nlm.nih.gov/Traces/sra/?run=SRR26528813	Mixture21-v4.1-pos
30190671	SRR26528814	SAMN37987431	06-26-23-A41	716328165		2023/11/24		https://trace.ncbi.nlm.nih.gov/Traces/sra/?run=SRR26528814	Mixture20-v4.1-pos
30190670	SRR26528815	SAMN37987432	06-26-23-A41	705905645		2023/11/24		https://trace.ncbi.nlm.nih.gov/Traces/sra/?run=SRR26528815	Mixture19-v4.1-pos
30190669	SRR26528816	SAMN37987433	06-26-23-A41	665608530		2023/11/24		https://trace.ncbi.nlm.nih.gov/Traces/sra/?run=SRR26528816	Mixture18-v4.1-pos
30190668	SRR26528817	SAMN37987434	06-26-23-A41	663572656		2023/11/24		https://trace.ncbi.nlm.nih.gov/Traces/sra/?run=SRR26528817	Mixture17-v4.1-pos
30190667	SRR26528818	SAMN37987435	06-26-23-A41	600036511		2023/11/24		https://trace.ncbi.nlm.nih.gov/Traces/sra/?run=SRR26528818	Mixture16-v4.1-pos
30190666	SRR26528819	SAMN37987436	06-26-23-A41	728107252		2023/11/24		https://trace.ncbi.nlm.nih.gov/Traces/sra/?run=SRR26528819	Mixture15-v4.1-pos
30190665	SRR26528820	SAMN37987437	06-26-23-A41	633353293		2023/11/24		https://trace.ncbi.nlm.nih.gov/Traces/sra/?run=SRR26528820	Mixture14-v4.1-pos
30190664	SRR26528821	SAMN37987438	06-26-23-A41	717071357		2023/11/24		https://trace.ncbi.nlm.nih.gov/Traces/sra/?run=SRR26528821	Mixture13-v4.1-pos
30190663	SRR26528822	SAMN37987439	06-26-23-A41	689454014		2023/11/24		https://trace.ncbi.nlm.nih.gov/Traces/sra/?run=SRR26528822	Mixture12-v4.1-pos
30190662	SRR26528823	SAMN37987440	06-26-23-A41	900175715		2023/11/24		https://trace.ncbi.nlm.nih.gov/Traces/sra/?run=SRR26528823	Mixture11-v4.1-pos
30190661	SRR26528824	SAMN37987441	06-26-23-A41	871552650		2023/11/24		https://trace.ncbi.nlm.nih.gov/Traces/sra/?run=SRR26528824	Mixture10-v4.1-pos
30190660	SRR26528825	SAMN37987442	06-26-23-A41	1247830205		2023/11/24		https://trace.ncbi.nlm.nih.gov/Traces/sra/?run=SRR26528825	Mixture09-v4.1-pos
30190659	SRR26528826	SAMN37987443	06-26-23-A41	772508108		2023/11/24		https://trace.ncbi.nlm.nih.gov/Traces/sra/?run=SRR26528826	Mixture08-v4.1-pos
30190658	SRR26528827	SAMN37987444	06-26-23-A41	621992356		2023/11/24		https://trace.ncbi.nlm.nih.gov/Traces/sra/?run=SRR26528827	Mixture07-v4.1-pos
30190657	SRR26528828	SAMN37987445	06-26-23-A41	675531941		2023/11/24		https://trace.ncbi.nlm.nih.gov/Traces/sra/?run=SRR26528828	Mixture06-v4.1-pos
30190656	SRR26528829	SAMN37987446	06-26-23-A41	742611259		2023/11/24		https://trace.ncbi.nlm.nih.gov/Traces/sra/?run=SRR26528829	Mixture05-v4.1-pos
30190655	SRR26528830	SAMN37987447	06-26-23-A41	733395885		2023/11/24		https://trace.ncbi.nlm.nih.gov/Traces/sra/?run=SRR26528830	Mixture04-v4.1-pos
30190654	SRR26528831	SAMN37987448	06-26-23-A41	645773423		2023/11/24		https://trace.ncbi.nlm.nih.gov/Traces/sra/?run=SRR26528831	Mixture03-v4.1-pos
30190653	SRR26528832	SAMN37987449	06-26-23-A41	623108721		2023/11/24		https://trace.ncbi.nlm.nih.gov/Traces/sra/?run=SRR26528832	Mixture02-v4.1-pos
30190652	SRR26528833	SAMN37987450	06-26-23-A41	651231726		2023/11/24		https://trace.ncbi.nlm.nih.gov/Traces/sra/?run=SRR26528833	Mixture01-v4.1-pos
30190651	SRR26528750	SAMN37987377	05-16-23-A41	376402478		2023/11/24		https://trace.ncbi.nlm.nih.gov/Traces/sra/?run=SRR26528750	Mixture32-v4.1-neg
30190650	SRR26528751	SAMN37987378	05-16-23-A41	379825914		2023/11/24		https://trace.ncbi.nlm.nih.gov/Traces/sra/?run=SRR26528751	Mixture31-v4.1-neg
30190649	SRR26528752	SAMN37987379	05-16-23-A41	387243022		2023/11/24		https://trace.ncbi.nlm.nih.gov/Traces/sra/?run=SRR26528752	Mixture30-v4.1-neg
30190648	SRR26528753	SAMN37987380	05-16-23-A41	397726140		2023/11/24		https://trace.ncbi.nlm.nih.gov/Traces/sra/?run=SRR26528753	Mixture29-v4.1-neg
30190647	SRR26528754	SAMN37987381	05-16-23-A41	379975960		2023/11/24		https://trace.ncbi.nlm.nih.gov/Traces/sra/?run=SRR26528754	Mixture28-v4.1-neg
30190646	SRR26528755	SAMN37987382	05-16-23-A41	359610373		2023/11/24		https://trace.ncbi.nlm.nih.gov/Traces/sra/?run=SRR26528755	Mixture27-v4.1-neg
30190645	SRR26528756	SAMN37987383	05-16-23-A41	421707653		2023/11/24		https://trace.ncbi.nlm.nih.gov/Traces/sra/?run=SRR26528756	Mixture26-v4.1-neg
30190644	SRR26528757	SAMN37987384	05-16-23-A41	350969864		2023/11/24		https://trace.ncbi.nlm.nih.gov/Traces/sra/?run=SRR26528757	Mixture25-v4.1-neg
30190643	SRR26528758	SAMN37987385	05-16-23-A41	339147779		2023/11/24		https://trace.ncbi.nlm.nih.gov/Traces/sra/?run=SRR26528758	Mixture24-v4.1-neg
30190642	SRR26528759	SAMN37987386	05-16-23-A41	408993897		2023/11/24		https://trace.ncbi.nlm.nih.gov/Traces/sra/?run=SRR26528759	Mixture23-v4.1-neg
30190641	SRR26528760	SAMN37987387	05-16-23-A41	370046833		2023/11/24		https://trace.ncbi.nlm.nih.gov/Traces/sra/?run=SRR26528760	Mixture22-v4.1-neg
30190640	SRR26528761	SAMN37987388	05-16-23-A41	395821178		2023/11/24		https://trace.ncbi.nlm.nih.gov/Traces/sra/?run=SRR26528761	Mixture21-v4.1-neg
30190639	SRR26528762	SAMN37987389	05-16-23-A41	357623802		2023/11/24		https://trace.ncbi.nlm.nih.gov/Traces/sra/?run=SRR26528762	Mixture20-v4.1-neg
30190638	SRR26528763	SAMN37987390	05-16-23-A41	348190083		2023/11/24		https://trace.ncbi.nlm.nih.gov/Traces/sra/?run=SRR26528763	Mixture19-v4.1-neg
30190637	SRR26528764	SAMN37987391	05-16-23-A41	352188174		2023/11/24		https://trace.ncbi.nlm.nih.gov/Traces/sra/?run=SRR26528764	Mixture18-v4.1-neg
30190636	SRR26528765	SAMN37987392	05-16-23-A41	358563061		2023/11/24		https://trace.ncbi.nlm.nih.gov/Traces/sra/?run=SRR26528765	Mixture17-v4.1-neg
30190635	SRR26528766	SAMN37987367	05-16-23-A41	381703393		2023/11/24		https://trace.ncbi.nlm.nih.gov/Traces/sra/?run=SRR26528766	Mixture42-v4.1-neg
30190634	SRR26528767	SAMN37987368	05-16-23-A41	418655329		2023/11/24		https://trace.ncbi.nlm.nih.gov/Traces/sra/?run=SRR26528767	Mixture41-v4.1-neg
30190633	SRR26528768	SAMN37987369	05-16-23-A41	342746432		2023/11/24		https://trace.ncbi.nlm.nih.gov/Traces/sra/?run=SRR26528768	Mixture40-v4.1-neg
30190632	SRR26528769	SAMN37987370	05-16-23-A41	352492281		2023/11/24		https://trace.ncbi.nlm.nih.gov/Traces/sra/?run=SRR26528769	Mixture39-v4.1-neg
30190631	SRR26528770	SAMN37987371	05-16-23-A41	382232029		2023/11/24		https://trace.ncbi.nlm.nih.gov/Traces/sra/?run=SRR26528770	Mixture38-v4.1-neg
30190630	SRR26528771	SAMN37987372	05-16-23-A41	396641662		2023/11/24		https://trace.ncbi.nlm.nih.gov/Traces/sra/?run=SRR26528771	Mixture37-v4.1-neg
30190629	SRR26528772	SAMN37987373	05-16-23-A41	373593372		2023/11/24		https://trace.ncbi.nlm.nih.gov/Traces/sra/?run=SRR26528772	Mixture36-v4.1-neg
30190628	SRR26528773	SAMN37987374	05-16-23-A41	360523674		2023/11/24		https://trace.ncbi.nlm.nih.gov/Traces/sra/?run=SRR26528773	Mixture35-v4.1-neg
30190627	SRR26528774	SAMN37987375	05-16-23-A41	371103540		2023/11/24		https://trace.ncbi.nlm.nih.gov/Traces/sra/?run=SRR26528774	Mixture34-v4.1-neg
30190626	SRR26528775	SAMN37987376	05-16-23-A41	345554706		2023/11/24		https://trace.ncbi.nlm.nih.gov/Traces/sra/?run=SRR26528775	Mixture33-v4.1-neg
30190625	SRR26528776	SAMN37987393	05-16-23-A41	288870295		2023/11/24		https://trace.ncbi.nlm.nih.gov/Traces/sra/?run=SRR26528776	Mixture16-v4.1-neg
30190624	SRR26528777	SAMN37987394	05-16-23-A41	337268302		2023/11/24		https://trace.ncbi.nlm.nih.gov/Traces/sra/?run=SRR26528777	Mixture15-v4.1-neg
30190623	SRR26528778	SAMN37987395	05-16-23-A41	356886845		2023/11/24		https://trace.ncbi.nlm.nih.gov/Traces/sra/?run=SRR26528778	Mixture14-v4.1-neg
30190622	SRR26528779	SAMN37987396	05-16-23-A41	390385688		2023/11/24		https://trace.ncbi.nlm.nih.gov/Traces/sra/?run=SRR26528779	Mixture13-v4.1-neg
30190621	SRR26528780	SAMN37987397	05-16-23-A41	326992050		2023/11/24		https://trace.ncbi.nlm.nih.gov/Traces/sra/?run=SRR26528780	Mixture12-v4.1-neg
30190620	SRR26528781	SAMN37987398	05-16-23-A41	353043907		2023/11/24		https://trace.ncbi.nlm.nih.gov/Traces/sra/?run=SRR26528781	Mixture11-v4.1-neg
30190619	SRR26528782	SAMN37987399	05-16-23-A41	351949216		2023/11/24		https://trace.ncbi.nlm.nih.gov/Traces/sra/?run=SRR26528782	Mixture10-v4.1-neg
30190618	SRR26528783	SAMN37987400	05-16-23-A41	365609984		2023/11/24		https://trace.ncbi.nlm.nih.gov/Traces/sra/?run=SRR26528783	Mixture09-v4.1-neg
30190617	SRR26528784	SAMN37987401	05-16-23-A41	379727331		2023/11/24		https://trace.ncbi.nlm.nih.gov/Traces/sra/?run=SRR26528784	Mixture08-v4.1-neg
30190616	SRR26528785	SAMN37987402	05-16-23-A41	343244299		2023/11/24		https://trace.ncbi.nlm.nih.gov/Traces/sra/?run=SRR26528785	Mixture07-v4.1-neg
30190615	SRR26528786	SAMN37987403	05-16-23-A41	447731065		2023/11/24		https://trace.ncbi.nlm.nih.gov/Traces/sra/?run=SRR26528786	Mixture06-v4.1-neg
30190614	SRR26528787	SAMN37987404	05-16-23-A41	417878478		2023/11/24		https://trace.ncbi.nlm.nih.gov/Traces/sra/?run=SRR26528787	Mixture05-v4.1-neg
30190613	SRR26528788	SAMN37987405	05-16-23-A41	402939978		2023/11/24		https://trace.ncbi.nlm.nih.gov/Traces/sra/?run=SRR26528788	Mixture04-v4.1-neg
30190612	SRR26528789	SAMN37987406	05-16-23-A41	298917777		2023/11/24		https://trace.ncbi.nlm.nih.gov/Traces/sra/?run=SRR26528789	Mixture03-v4.1-neg
30190611	SRR26528790	SAMN37987407	05-16-23-A41	320769906		2023/11/24		https://trace.ncbi.nlm.nih.gov/Traces/sra/?run=SRR26528790	Mixture02-v4.1-neg
30190610	SRR26528791	SAMN37987408	05-16-23-A41	324847654		2023/11/24		https://trace.ncbi.nlm.nih.gov/Traces/sra/?run=SRR26528791	Mixture01-v4.1-neg
30190068	SRR26528104	SAMN37987332	05-05-23-A41	792882143		2023/11/24		https://trace.ncbi.nlm.nih.gov/Traces/sra/?run=SRR26528104	Mixture32-v4.1-ctrl
30190067	SRR26528105	SAMN37987333	05-05-23-A41	563009930		2023/11/24		https://trace.ncbi.nlm.nih.gov/Traces/sra/?run=SRR26528105	Mixture31-v4.1-ctrl
30190066	SRR26528106	SAMN37987334	05-05-23-A41	776683716		2023/11/24		https://trace.ncbi.nlm.nih.gov/Traces/sra/?run=SRR26528106	Mixture30-v4.1-ctrl
30190065	SRR26528107	SAMN37987335	05-05-23-A41	568111269		2023/11/24		https://trace.ncbi.nlm.nih.gov/Traces/sra/?run=SRR26528107	Mixture29-v4.1-ctrl
30190064	SRR26528108	SAMN37987336	05-05-23-A41	909575339		2023/11/24		https://trace.ncbi.nlm.nih.gov/Traces/sra/?run=SRR26528108	Mixture28-v4.1-ctrl
30190063	SRR26528109	SAMN37987337	05-05-23-A41	741376270		2023/11/24		https://trace.ncbi.nlm.nih.gov/Traces/sra/?run=SRR26528109	Mixture27-v4.1-ctrl
30190062	SRR26528110	SAMN37987338	05-05-23-A41	590963430		2023/11/24		https://trace.ncbi.nlm.nih.gov/Traces/sra/?run=SRR26528110	Mixture26-v4.1-ctrl
30190061	SRR26528111	SAMN37987339	05-05-23-A41	566032902		2023/11/24		https://trace.ncbi.nlm.nih.gov/Traces/sra/?run=SRR26528111	Mixture25-v4.1-ctrl
30190060	SRR26528112	SAMN37987340	05-05-23-A41	712363390		2023/11/24		https://trace.ncbi.nlm.nih.gov/Traces/sra/?run=SRR26528112	Mixture24-v4.1-ctrl
30190059	SRR26528113	SAMN37987341	05-05-23-A41	629383858		2023/11/24		https://trace.ncbi.nlm.nih.gov/Traces/sra/?run=SRR26528113	Mixture23-v4.1-ctrl
30190058	SRR26528114	SAMN37987342	05-05-23-A41	742549159		2023/11/24		https://trace.ncbi.nlm.nih.gov/Traces/sra/?run=SRR26528114	Mixture22-v4.1-ctrl
30190057	SRR26528115	SAMN37987343	05-05-23-A41	853198838		2023/11/24		https://trace.ncbi.nlm.nih.gov/Traces/sra/?run=SRR26528115	Mixture21-v4.1-ctrl
30190056	SRR26528116	SAMN37987344	05-05-23-A41	672952892		2023/11/24		https://trace.ncbi.nlm.nih.gov/Traces/sra/?run=SRR26528116	Mixture20-v4.1-ctrl
30190055	SRR26528117	SAMN37987345	05-05-23-A41	632021012		2023/11/24		https://trace.ncbi.nlm.nih.gov/Traces/sra/?run=SRR26528117	Mixture19-v4.1-ctrl
30190054	SRR26528118	SAMN37987346	05-05-23-A41	741956463		2023/11/24		https://trace.ncbi.nlm.nih.gov/Traces/sra/?run=SRR26528118	Mixture18-v4.1-ctrl
30190053	SRR26528119	SAMN37987347	05-05-23-A41	677675067		2023/11/24		https://trace.ncbi.nlm.nih.gov/Traces/sra/?run=SRR26528119	Mixture17-v4.1-ctrl
30190052	SRR26528120	SAMN37987322	05-05-23-A41	524021548		2023/11/24		https://trace.ncbi.nlm.nih.gov/Traces/sra/?run=SRR26528120	Mixture42-v4.1-ctrl
30190051	SRR26528121	SAMN37987323	05-05-23-A41	708490406		2023/11/24		https://trace.ncbi.nlm.nih.gov/Traces/sra/?run=SRR26528121	Mixture41-v4.1-ctrl
30190050	SRR26528122	SAMN37987324	05-05-23-A41	615047286		2023/11/24		https://trace.ncbi.nlm.nih.gov/Traces/sra/?run=SRR26528122	Mixture40-v4.1-ctrl
30190049	SRR26528123	SAMN37987325	05-05-23-A41	526770383		2023/11/24		https://trace.ncbi.nlm.nih.gov/Traces/sra/?run=SRR26528123	Mixture39-v4.1-ctrl
30190048	SRR26528124	SAMN37987326	05-05-23-A41	628478941		2023/11/24		https://trace.ncbi.nlm.nih.gov/Traces/sra/?run=SRR26528124	Mixture38-v4.1-ctrl
30190047	SRR26528125	SAMN37987327	05-05-23-A41	612257437		2023/11/24		https://trace.ncbi.nlm.nih.gov/Traces/sra/?run=SRR26528125	Mixture37-v4.1-ctrl
30190046	SRR26528126	SAMN37987328	05-05-23-A41	738406034		2023/11/24		https://trace.ncbi.nlm.nih.gov/Traces/sra/?run=SRR26528126	Mixture36-v4.1-ctrl
30190045	SRR26528127	SAMN37987329	05-05-23-A41	617051174		2023/11/24		https://trace.ncbi.nlm.nih.gov/Traces/sra/?run=SRR26528127	Mixture35-v4.1-ctrl
30190044	SRR26528128	SAMN37987330	05-05-23-A41	539768825		2023/11/24		https://trace.ncbi.nlm.nih.gov/Traces/sra/?run=SRR26528128	Mixture34-v4.1-ctrl
30190043	SRR26528129	SAMN37987331	05-05-23-A41	711129867		2023/11/24		https://trace.ncbi.nlm.nih.gov/Traces/sra/?run=SRR26528129	Mixture33-v4.1-ctrl
30190042	SRR26528130	SAMN37987348	05-05-23-A41	720314305		2023/11/24		https://trace.ncbi.nlm.nih.gov/Traces/sra/?run=SRR26528130	Mixture16-v4.1-ctrl
30190041	SRR26528131	SAMN37987349	05-05-23-A41	612158795		2023/11/24		https://trace.ncbi.nlm.nih.gov/Traces/sra/?run=SRR26528131	Mixture15-v4.1-ctrl
30190040	SRR26528132	SAMN37987350	05-05-23-A41	829203337		2023/11/24		https://trace.ncbi.nlm.nih.gov/Traces/sra/?run=SRR26528132	Mixture14-v4.1-ctrl
30190039	SRR26528133	SAMN37987351	05-05-23-A41	642429410		2023/11/24		https://trace.ncbi.nlm.nih.gov/Traces/sra/?run=SRR26528133	Mixture13-v4.1-ctrl
30190038	SRR26528134	SAMN37987352	05-05-23-A41	471416687		2023/11/24		https://trace.ncbi.nlm.nih.gov/Traces/sra/?run=SRR26528134	Mixture12-v4.1-ctrl
30190037	SRR26528135	SAMN37987353	05-05-23-A41	554273581		2023/11/24		https://trace.ncbi.nlm.nih.gov/Traces/sra/?run=SRR26528135	Mixture11-v4.1-ctrl
30190036	SRR26528136	SAMN37987354	05-05-23-A41	559313170		2023/11/24		https://trace.ncbi.nlm.nih.gov/Traces/sra/?run=SRR26528136	Mixture10-v4.1-ctrl
30190035	SRR26528137	SAMN37987355	05-05-23-A41	699463358		2023/11/24		https://trace.ncbi.nlm.nih.gov/Traces/sra/?run=SRR26528137	Mixture09-v4.1-ctrl
30190034	SRR26528138	SAMN37987356	05-05-23-A41	704575203		2023/11/24		https://trace.ncbi.nlm.nih.gov/Traces/sra/?run=SRR26528138	Mixture08-v4.1-ctrl
30190033	SRR26528139	SAMN37987357	05-05-23-A41	714660177		2023/11/24		https://trace.ncbi.nlm.nih.gov/Traces/sra/?run=SRR26528139	Mixture07-v4.1-ctrl
30190032	SRR26528140	SAMN37987358	05-05-23-A41	742618447		2023/11/24		https://trace.ncbi.nlm.nih.gov/Traces/sra/?run=SRR26528140	Mixture06-v4.1-ctrl
30190031	SRR26528141	SAMN37987359	05-05-23-A41	828855539		2023/11/24		https://trace.ncbi.nlm.nih.gov/Traces/sra/?run=SRR26528141	Mixture05-v4.1-ctrl
30190030	SRR26528142	SAMN37987360	05-05-23-A41	640868868		2023/11/24		https://trace.ncbi.nlm.nih.gov/Traces/sra/?run=SRR26528142	Mixture04-v4.1-ctrl
30190029	SRR26528143	SAMN37987361	05-05-23-A41	605528801		2023/11/24		https://trace.ncbi.nlm.nih.gov/Traces/sra/?run=SRR26528143	Mixture03-v4.1-ctrl
30190028	SRR26528144	SAMN37987362	05-05-23-A41	586879835		2023/11/24		https://trace.ncbi.nlm.nih.gov/Traces/sra/?run=SRR26528144	Mixture02-v4.1-ctrl
30190027	SRR26528145	SAMN37987363	05-05-23-A41	619306527		2023/11/24		https://trace.ncbi.nlm.nih.gov/Traces/sra/?run=SRR26528145	Mixture01-v4.1-ctrl
31965550	SRR28030441	SAMN40018363	07-12-23-V2A	912395212		2024/03/22		https://trace.ncbi.nlm.nih.gov/Traces/sra/?run=SRR28030441	Mixture42-v2a-pos
31965549	SRR28030442	SAMN40018364	07-12-23-V2A	766385799		2024/03/22		https://trace.ncbi.nlm.nih.gov/Traces/sra/?run=SRR28030442	Mixture41-v2a-pos
31965548	SRR28030443	SAMN40018365	07-12-23-V2A	703399733		2024/03/22		https://trace.ncbi.nlm.nih.gov/Traces/sra/?run=SRR28030443	Mixture40-v2a-pos
31965547	SRR28030444	SAMN40018366	07-12-23-V2A	778784376		2024/03/22		https://trace.ncbi.nlm.nih.gov/Traces/sra/?run=SRR28030444	Mixture39-v2a-pos
31965546	SRR28030445	SAMN40018367	07-12-23-V2A	816882056		2024/03/22		https://trace.ncbi.nlm.nih.gov/Traces/sra/?run=SRR28030445	Mixture38-v2a-pos
31965545	SRR28030446	SAMN40018368	07-12-23-V2A	829588510		2024/03/22		https://trace.ncbi.nlm.nih.gov/Traces/sra/?run=SRR28030446	Mixture37-v2a-pos
31965544	SRR28030447	SAMN40018369	07-12-23-V2A	724126028		2024/03/22		https://trace.ncbi.nlm.nih.gov/Traces/sra/?run=SRR28030447	Mixture36-v2a-pos
31965543	SRR28030448	SAMN40018370	07-12-23-V2A	759143515		2024/03/22		https://trace.ncbi.nlm.nih.gov/Traces/sra/?run=SRR28030448	Mixture35-v2a-pos
31965542	SRR28030449	SAMN40018371	07-12-23-V2A	782809892		2024/03/22		https://trace.ncbi.nlm.nih.gov/Traces/sra/?run=SRR28030449	Mixture34-v2a-pos
31965541	SRR28030450	SAMN40018372	07-12-23-V2A	764846960		2024/03/22		https://trace.ncbi.nlm.nih.gov/Traces/sra/?run=SRR28030450	Mixture33-v2a-pos
31965540	SRR28030451	SAMN40018373	07-12-23-V2A	803055205		2024/03/22		https://trace.ncbi.nlm.nih.gov/Traces/sra/?run=SRR28030451	Mixture32-v2a-pos
31965539	SRR28030452	SAMN40018374	07-12-23-V2A	742493884		2024/03/22		https://trace.ncbi.nlm.nih.gov/Traces/sra/?run=SRR28030452	Mixture31-v2a-pos
31965538	SRR28030453	SAMN40018375	07-12-23-V2A	866491664		2024/03/22		https://trace.ncbi.nlm.nih.gov/Traces/sra/?run=SRR28030453	Mixture30-v2a-pos
31965537	SRR28030454	SAMN40018376	07-12-23-V2A	867401930		2024/03/22		https://trace.ncbi.nlm.nih.gov/Traces/sra/?run=SRR28030454	Mixture29-v2a-pos
31965536	SRR28030455	SAMN40018377	07-12-23-V2A	812559564		2024/03/22		https://trace.ncbi.nlm.nih.gov/Traces/sra/?run=SRR28030455	Mixture28-v2a-pos
31965535	SRR28030456	SAMN40018378	07-12-23-V2A	823468403		2024/03/22		https://trace.ncbi.nlm.nih.gov/Traces/sra/?run=SRR28030456	Mixture27-v2a-pos
31965534	SRR28030457	SAMN40018379	07-12-23-V2A	728210968		2024/03/22		https://trace.ncbi.nlm.nih.gov/Traces/sra/?run=SRR28030457	Mixture26-v2a-pos
31965533	SRR28030458	SAMN40018380	07-12-23-V2A	759304447		2024/03/22		https://trace.ncbi.nlm.nih.gov/Traces/sra/?run=SRR28030458	Mixture25-v2a-pos
31965532	SRR28030459	SAMN40018381	07-12-23-V2A	800090001		2024/03/22		https://trace.ncbi.nlm.nih.gov/Traces/sra/?run=SRR28030459	Mixture24-v2a-pos
31965531	SRR28030460	SAMN40018382	07-12-23-V2A	750457499		2024/03/22		https://trace.ncbi.nlm.nih.gov/Traces/sra/?run=SRR28030460	Mixture23-v2a-pos
31965530	SRR28030461	SAMN40018383	07-12-23-V2A	817486475		2024/03/22		https://trace.ncbi.nlm.nih.gov/Traces/sra/?run=SRR28030461	Mixture22-v2a-pos
31965529	SRR28030462	SAMN40018384	07-12-23-V2A	783724913		2024/03/22		https://trace.ncbi.nlm.nih.gov/Traces/sra/?run=SRR28030462	Mixture21-v2a-pos
31965528	SRR28030463	SAMN40018385	07-12-23-V2A	755945889		2024/03/22		https://trace.ncbi.nlm.nih.gov/Traces/sra/?run=SRR28030463	Mixture20-v2a-pos
31965527	SRR28030464	SAMN40018386	07-12-23-V2A	743929278		2024/03/22		https://trace.ncbi.nlm.nih.gov/Traces/sra/?run=SRR28030464	Mixture19-v2a-pos
31965526	SRR28030465	SAMN40018387	07-12-23-V2A	754049568		2024/03/22		https://trace.ncbi.nlm.nih.gov/Traces/sra/?run=SRR28030465	Mixture18-v2a-pos
31965525	SRR28030466	SAMN40018388	07-12-23-V2A	816169608		2024/03/22		https://trace.ncbi.nlm.nih.gov/Traces/sra/?run=SRR28030466	Mixture17-v2a-pos
31965524	SRR28030467	SAMN40018389	07-12-23-V2A	760669266		2024/03/22		https://trace.ncbi.nlm.nih.gov/Traces/sra/?run=SRR28030467	Mixture16-v2a-pos
31965523	SRR28030468	SAMN40018390	07-12-23-V2A	728804131		2024/03/22		https://trace.ncbi.nlm.nih.gov/Traces/sra/?run=SRR28030468	Mixture15-v2a-pos
31965522	SRR28030469	SAMN40018391	07-12-23-V2A	811007812		2024/03/22		https://trace.ncbi.nlm.nih.gov/Traces/sra/?run=SRR28030469	Mixture14-v2a-pos
31965521	SRR28030470	SAMN40018392	07-12-23-V2A	826747433		2024/03/22		https://trace.ncbi.nlm.nih.gov/Traces/sra/?run=SRR28030470	Mixture13-v2a-pos
31965520	SRR28030471	SAMN40018393	07-12-23-V2A	734449248		2024/03/22		https://trace.ncbi.nlm.nih.gov/Traces/sra/?run=SRR28030471	Mixture12-v2a-pos
31965519	SRR28030472	SAMN40018394	07-12-23-V2A	695071774		2024/03/22		https://trace.ncbi.nlm.nih.gov/Traces/sra/?run=SRR28030472	Mixture11-v2a-pos
31965518	SRR28030473	SAMN40018395	07-12-23-V2A	910141432		2024/03/22		https://trace.ncbi.nlm.nih.gov/Traces/sra/?run=SRR28030473	Mixture10-v2a-pos
31965517	SRR28030474	SAMN40018396	07-12-23-V2A	857944078		2024/03/22		https://trace.ncbi.nlm.nih.gov/Traces/sra/?run=SRR28030474	Mixture09-v2a-pos
31965516	SRR28030475	SAMN40018397	07-12-23-V2A	937906342		2024/03/22		https://trace.ncbi.nlm.nih.gov/Traces/sra/?run=SRR28030475	Mixture08-v2a-pos
31965515	SRR28030476	SAMN40018398	07-12-23-V2A	870191638		2024/03/22		https://trace.ncbi.nlm.nih.gov/Traces/sra/?run=SRR28030476	Mixture07-v2a-pos
31965514	SRR28030477	SAMN40018399	07-12-23-V2A	889557414		2024/03/22		https://trace.ncbi.nlm.nih.gov/Traces/sra/?run=SRR28030477	Mixture06-v2a-pos
31965513	SRR28030478	SAMN40018400	07-12-23-V2A	865644798		2024/03/22		https://trace.ncbi.nlm.nih.gov/Traces/sra/?run=SRR28030478	Mixture05-v2a-pos
31965512	SRR28030479	SAMN40018401	07-12-23-V2A	828738977		2024/03/22		https://trace.ncbi.nlm.nih.gov/Traces/sra/?run=SRR28030479	Mixture04-v2a-pos
31965511	SRR28030480	SAMN40018402	07-12-23-V2A	721485533		2024/03/22		https://trace.ncbi.nlm.nih.gov/Traces/sra/?run=SRR28030480	Mixture03-v2a-pos
31965510	SRR28030481	SAMN40018403	07-12-23-V2A	828184338		2024/03/22		https://trace.ncbi.nlm.nih.gov/Traces/sra/?run=SRR28030481	Mixture02-v2a-pos
31965509	SRR28030482	SAMN40018404	07-12-23-V2A	806435283		2024/03/22		https://trace.ncbi.nlm.nih.gov/Traces/sra/?run=SRR28030482	Mixture01-v2a-pos
31963604	SRR28028478	SAMN40018298	06-16-23-V2	557426259		2024/03/22		https://trace.ncbi.nlm.nih.gov/Traces/sra/?run=SRR28028478	Mixture42-v2a-neg
31963603	SRR28028479	SAMN40018299	06-16-23-V2	543444193		2024/03/22		https://trace.ncbi.nlm.nih.gov/Traces/sra/?run=SRR28028479	Mixture41-v2a-neg
31963602	SRR28028480	SAMN40018300	06-16-23-V2	459988314		2024/03/22		https://trace.ncbi.nlm.nih.gov/Traces/sra/?run=SRR28028480	Mixture40-v2a-neg
31963601	SRR28028481	SAMN40018301	06-16-23-V2	471555975		2024/03/22		https://trace.ncbi.nlm.nih.gov/Traces/sra/?run=SRR28028481	Mixture39-v2a-neg
31963600	SRR28028482	SAMN40018302	06-16-23-V2	626645846		2024/03/22		https://trace.ncbi.nlm.nih.gov/Traces/sra/?run=SRR28028482	Mixture38-v2a-neg
31963599	SRR28028483	SAMN40018303	06-16-23-V2	601128245		2024/03/22		https://trace.ncbi.nlm.nih.gov/Traces/sra/?run=SRR28028483	Mixture37-v2a-neg
31963598	SRR28028484	SAMN40018304	06-16-23-V2	548615317		2024/03/22		https://trace.ncbi.nlm.nih.gov/Traces/sra/?run=SRR28028484	Mixture36-v2a-neg
31963597	SRR28028485	SAMN40018305	06-16-23-V2	516864381		2024/03/22		https://trace.ncbi.nlm.nih.gov/Traces/sra/?run=SRR28028485	Mixture35-v2a-neg
31963596	SRR28028486	SAMN40018306	06-16-23-V2	493208219		2024/03/22		https://trace.ncbi.nlm.nih.gov/Traces/sra/?run=SRR28028486	Mixture34-v2a-neg
31963595	SRR28028487	SAMN40018307	06-16-23-V2	565961837		2024/03/22		https://trace.ncbi.nlm.nih.gov/Traces/sra/?run=SRR28028487	Mixture33-v2a-neg
31963594	SRR28028488	SAMN40018308	06-16-23-V2	535907433		2024/03/22		https://trace.ncbi.nlm.nih.gov/Traces/sra/?run=SRR28028488	Mixture32-v2a-neg
31963593	SRR28028489	SAMN40018309	06-16-23-V2	524308639		2024/03/22		https://trace.ncbi.nlm.nih.gov/Traces/sra/?run=SRR28028489	Mixture31-v2a-neg
31963592	SRR28028490	SAMN40018310	06-16-23-V2	569903725		2024/03/22		https://trace.ncbi.nlm.nih.gov/Traces/sra/?run=SRR28028490	Mixture30-v2a-neg
31963591	SRR28028491	SAMN40018311	06-16-23-V2	566287834		2024/03/22		https://trace.ncbi.nlm.nih.gov/Traces/sra/?run=SRR28028491	Mixture29-v2a-neg
31963590	SRR28028492	SAMN40018312	06-16-23-V2	556090422		2024/03/22		https://trace.ncbi.nlm.nih.gov/Traces/sra/?run=SRR28028492	Mixture28-v2a-neg
31963589	SRR28028493	SAMN40018313	06-16-23-V2	569248800		2024/03/22		https://trace.ncbi.nlm.nih.gov/Traces/sra/?run=SRR28028493	Mixture27-v2a-neg
31963588	SRR28028494	SAMN40018314	06-16-23-V2	558796795		2024/03/22		https://trace.ncbi.nlm.nih.gov/Traces/sra/?run=SRR28028494	Mixture26-v2a-neg
31963587	SRR28028495	SAMN40018315	06-16-23-V2	540631268		2024/03/22		https://trace.ncbi.nlm.nih.gov/Traces/sra/?run=SRR28028495	Mixture25-v2a-neg
31963586	SRR28028496	SAMN40018316	06-16-23-V2	499223934		2024/03/22		https://trace.ncbi.nlm.nih.gov/Traces/sra/?run=SRR28028496	Mixture24-v2a-neg
31963585	SRR28028497	SAMN40018317	06-16-23-V2	587061260		2024/03/22		https://trace.ncbi.nlm.nih.gov/Traces/sra/?run=SRR28028497	Mixture23-v2a-neg
31963584	SRR28028498	SAMN40018318	06-16-23-V2	655592904		2024/03/22		https://trace.ncbi.nlm.nih.gov/Traces/sra/?run=SRR28028498	Mixture22-v2a-neg
31963583	SRR28028499	SAMN40018319	06-16-23-V2	586334885		2024/03/22		https://trace.ncbi.nlm.nih.gov/Traces/sra/?run=SRR28028499	Mixture21-v2a-neg
31963582	SRR28028500	SAMN40018320	06-16-23-V2	594138087		2024/03/22		https://trace.ncbi.nlm.nih.gov/Traces/sra/?run=SRR28028500	Mixture20-v2a-neg
31963581	SRR28028501	SAMN40018321	06-16-23-V2	538450970		2024/03/22		https://trace.ncbi.nlm.nih.gov/Traces/sra/?run=SRR28028501	Mixture19-v2a-neg
31963580	SRR28028502	SAMN40018322	06-16-23-V2	535530844		2024/03/22		https://trace.ncbi.nlm.nih.gov/Traces/sra/?run=SRR28028502	Mixture18-v2a-neg
31963579	SRR28028503	SAMN40018323	06-16-23-V2	493600038		2024/03/22		https://trace.ncbi.nlm.nih.gov/Traces/sra/?run=SRR28028503	Mixture17-v2a-neg
31963578	SRR28028504	SAMN40018324	06-16-23-V2	478658906		2024/03/22		https://trace.ncbi.nlm.nih.gov/Traces/sra/?run=SRR28028504	Mixture16-v2a-neg
31963577	SRR28028505	SAMN40018325	06-16-23-V2	476569812		2024/03/22		https://trace.ncbi.nlm.nih.gov/Traces/sra/?run=SRR28028505	Mixture15-v2a-neg
31963576	SRR28028506	SAMN40018326	06-16-23-V2	661939948		2024/03/22		https://trace.ncbi.nlm.nih.gov/Traces/sra/?run=SRR28028506	Mixture14-v2a-neg
31963575	SRR28028507	SAMN40018327	06-16-23-V2	689940510		2024/03/22		https://trace.ncbi.nlm.nih.gov/Traces/sra/?run=SRR28028507	Mixture13-v2a-neg
31963574	SRR28028508	SAMN40018328	06-16-23-V2	591800929		2024/03/22		https://trace.ncbi.nlm.nih.gov/Traces/sra/?run=SRR28028508	Mixture12-v2a-neg
31963573	SRR28028509	SAMN40018329	06-16-23-V2	609112786		2024/03/22		https://trace.ncbi.nlm.nih.gov/Traces/sra/?run=SRR28028509	Mixture11-v2a-neg
31963572	SRR28028510	SAMN40018330	06-16-23-V2	540445354		2024/03/22		https://trace.ncbi.nlm.nih.gov/Traces/sra/?run=SRR28028510	Mixture10-v2a-neg
31963571	SRR28028511	SAMN40018331	06-16-23-V2	543566394		2024/03/22		https://trace.ncbi.nlm.nih.gov/Traces/sra/?run=SRR28028511	Mixture09-v2a-neg
31963570	SRR28028512	SAMN40018332	06-16-23-V2	628996631		2024/03/22		https://trace.ncbi.nlm.nih.gov/Traces/sra/?run=SRR28028512	Mixture08-v2a-neg
31963569	SRR28028513	SAMN40018333	06-16-23-V2	643164457		2024/03/22		https://trace.ncbi.nlm.nih.gov/Traces/sra/?run=SRR28028513	Mixture07-v2a-neg
31963568	SRR28028514	SAMN40018334	06-16-23-V2	706258203		2024/03/22		https://trace.ncbi.nlm.nih.gov/Traces/sra/?run=SRR28028514	Mixture06-v2a-neg
31963567	SRR28028515	SAMN40018335	06-16-23-V2	715151351		2024/03/22		https://trace.ncbi.nlm.nih.gov/Traces/sra/?run=SRR28028515	Mixture05-v2a-neg
31963566	SRR28028516	SAMN40018336	06-16-23-V2	668924068		2024/03/22		https://trace.ncbi.nlm.nih.gov/Traces/sra/?run=SRR28028516	Mixture04-v2a-neg
31963565	SRR28028517	SAMN40018337	06-16-23-V2	302490290		2024/03/22		https://trace.ncbi.nlm.nih.gov/Traces/sra/?run=SRR28028517	Mixture03-v2a-neg
31963564	SRR28028518	SAMN40018338	06-16-23-V2	643574077		2024/03/22		https://trace.ncbi.nlm.nih.gov/Traces/sra/?run=SRR28028518	Mixture02-v2a-neg
31963563	SRR28028519	SAMN40018339	06-16-23-V2	553429020		2024/03/22		https://trace.ncbi.nlm.nih.gov/Traces/sra/?run=SRR28028519	Mixture01-v2a-neg
31963282	SRR28028210	SAMN40018024	05-05-23-V2	694555840		2024/03/22		https://trace.ncbi.nlm.nih.gov/Traces/sra/?run=SRR28028210	Mixture23-v2a-ctrl
31963281	SRR28028171	SAMN40018025	05-05-23-V2	780180553		2024/03/22		https://trace.ncbi.nlm.nih.gov/Traces/sra/?run=SRR28028171	Mixture22-v2a-ctrl
31963280	SRR28028172	SAMN40018026	05-05-23-V2	659700665		2024/03/22		https://trace.ncbi.nlm.nih.gov/Traces/sra/?run=SRR28028172	Mixture21-v2a-ctrl
31963279	SRR28028173	SAMN40018027	05-05-23-V2	447312305		2024/03/22		https://trace.ncbi.nlm.nih.gov/Traces/sra/?run=SRR28028173	Mixture20-v2a-ctrl
31963278	SRR28028174	SAMN40018028	05-05-23-V2	692019890		2024/03/22		https://trace.ncbi.nlm.nih.gov/Traces/sra/?run=SRR28028174	Mixture19-v2a-ctrl
31963277	SRR28028175	SAMN40018029	05-05-23-V2	745999639		2024/03/22		https://trace.ncbi.nlm.nih.gov/Traces/sra/?run=SRR28028175	Mixture18-v2a-ctrl
31963276	SRR28028176	SAMN40018030	05-05-23-V2	678148213		2024/03/22		https://trace.ncbi.nlm.nih.gov/Traces/sra/?run=SRR28028176	Mixture17-v2a-ctrl
31963275	SRR28028177	SAMN40018031	05-05-23-V2	716375750		2024/03/22		https://trace.ncbi.nlm.nih.gov/Traces/sra/?run=SRR28028177	Mixture16-v2a-ctrl
31963274	SRR28028178	SAMN40018032	05-05-23-V2	657596397		2024/03/22		https://trace.ncbi.nlm.nih.gov/Traces/sra/?run=SRR28028178	Mixture15-v2a-ctrl
31963273	SRR28028179	SAMN40018033	05-05-23-V2	741515027		2024/03/22		https://trace.ncbi.nlm.nih.gov/Traces/sra/?run=SRR28028179	Mixture14-v2a-ctrl
31963272	SRR28028180	SAMN40018034	05-05-23-V2	618330185		2024/03/22		https://trace.ncbi.nlm.nih.gov/Traces/sra/?run=SRR28028180	Mixture13-v2a-ctrl
31963271	SRR28028181	SAMN40018035	05-05-23-V2	607362674		2024/03/22		https://trace.ncbi.nlm.nih.gov/Traces/sra/?run=SRR28028181	Mixture12-v2a-ctrl
31963270	SRR28028182	SAMN40018036	05-05-23-V2	846144147		2024/03/22		https://trace.ncbi.nlm.nih.gov/Traces/sra/?run=SRR28028182	Mixture11-v2a-ctrl
31963269	SRR28028183	SAMN40018037	05-05-23-V2	742402818		2024/03/22		https://trace.ncbi.nlm.nih.gov/Traces/sra/?run=SRR28028183	Mixture10-v2a-ctrl
31963268	SRR28028184	SAMN40018038	05-05-23-V2	593002813		2024/03/22		https://trace.ncbi.nlm.nih.gov/Traces/sra/?run=SRR28028184	Mixture09-v2a-ctrl
31963267	SRR28028185	SAMN40018039	05-05-23-V2	740459288		2024/03/22		https://trace.ncbi.nlm.nih.gov/Traces/sra/?run=SRR28028185	Mixture08-v2a-ctrl
31963266	SRR28028186	SAMN40018040	05-05-23-V2	605267743		2024/03/22		https://trace.ncbi.nlm.nih.gov/Traces/sra/?run=SRR28028186	Mixture07-v2a-ctrl
31963265	SRR28028187	SAMN40018041	05-05-23-V2	764783046		2024/03/22		https://trace.ncbi.nlm.nih.gov/Traces/sra/?run=SRR28028187	Mixture06-v2a-ctrl
31963264	SRR28028188	SAMN40018042	05-05-23-V2	849213899		2024/03/22		https://trace.ncbi.nlm.nih.gov/Traces/sra/?run=SRR28028188	Mixture05-v2a-ctrl
31963263	SRR28028189	SAMN40018043	05-05-23-V2	692892518		2024/03/22		https://trace.ncbi.nlm.nih.gov/Traces/sra/?run=SRR28028189	Mixture04-v2a-ctrl
31963262	SRR28028190	SAMN40018005	05-05-23-V2	639398484		2024/03/22		https://trace.ncbi.nlm.nih.gov/Traces/sra/?run=SRR28028190	Mixture42-v2a-ctrl
31963261	SRR28028192	SAMN40018006	05-05-23-V2	693615754		2024/03/22		https://trace.ncbi.nlm.nih.gov/Traces/sra/?run=SRR28028192	Mixture41-v2a-ctrl
31963260	SRR28028193	SAMN40018007	05-05-23-V2	652969669		2024/03/22		https://trace.ncbi.nlm.nih.gov/Traces/sra/?run=SRR28028193	Mixture40-v2a-ctrl
31963259	SRR28028194	SAMN40018008	05-05-23-V2	746925230		2024/03/22		https://trace.ncbi.nlm.nih.gov/Traces/sra/?run=SRR28028194	Mixture39-v2a-ctrl
31963258	SRR28028195	SAMN40018009	05-05-23-V2	742769120		2024/03/22		https://trace.ncbi.nlm.nih.gov/Traces/sra/?run=SRR28028195	Mixture38-v2a-ctrl
31963257	SRR28028196	SAMN40018010	05-05-23-V2	682019586		2024/03/22		https://trace.ncbi.nlm.nih.gov/Traces/sra/?run=SRR28028196	Mixture37-v2a-ctrl
31963256	SRR28028197	SAMN40018011	05-05-23-V2	560101765		2024/03/22		https://trace.ncbi.nlm.nih.gov/Traces/sra/?run=SRR28028197	Mixture36-v2a-ctrl
31963255	SRR28028198	SAMN40018012	05-05-23-V2	759937347		2024/03/22		https://trace.ncbi.nlm.nih.gov/Traces/sra/?run=SRR28028198	Mixture35-v2a-ctrl
31963254	SRR28028199	SAMN40018013	05-05-23-V2	723383029		2024/03/22		https://trace.ncbi.nlm.nih.gov/Traces/sra/?run=SRR28028199	Mixture34-v2a-ctrl
31963253	SRR28028200	SAMN40018014	05-05-23-V2	748666879		2024/03/22		https://trace.ncbi.nlm.nih.gov/Traces/sra/?run=SRR28028200	Mixture33-v2a-ctrl
31963252	SRR28028201	SAMN40018015	05-05-23-V2	777975146		2024/03/22		https://trace.ncbi.nlm.nih.gov/Traces/sra/?run=SRR28028201	Mixture32-v2a-ctrl
31963251	SRR28028202	SAMN40018016	05-05-23-V2	782184941		2024/03/22		https://trace.ncbi.nlm.nih.gov/Traces/sra/?run=SRR28028202	Mixture31-v2a-ctrl
31963250	SRR28028203	SAMN40018017	05-05-23-V2	648860559		2024/03/22		https://trace.ncbi.nlm.nih.gov/Traces/sra/?run=SRR28028203	Mixture30-v2a-ctrl
31963249	SRR28028204	SAMN40018018	05-05-23-V2	606710518		2024/03/22		https://trace.ncbi.nlm.nih.gov/Traces/sra/?run=SRR28028204	Mixture29-v2a-ctrl
31963248	SRR28028205	SAMN40018019	05-05-23-V2	624018526		2024/03/22		https://trace.ncbi.nlm.nih.gov/Traces/sra/?run=SRR28028205	Mixture28-v2a-ctrl
31963247	SRR28028206	SAMN40018020	05-05-23-V2	768014428		2024/03/22		https://trace.ncbi.nlm.nih.gov/Traces/sra/?run=SRR28028206	Mixture27-v2a-ctrl
31963246	SRR28028207	SAMN40018021	05-05-23-V2	685044388		2024/03/22		https://trace.ncbi.nlm.nih.gov/Traces/sra/?run=SRR28028207	Mixture26-v2a-ctrl
31963245	SRR28028208	SAMN40018022	05-05-23-V2	906463461		2024/03/22		https://trace.ncbi.nlm.nih.gov/Traces/sra/?run=SRR28028208	Mixture25-v2a-ctrl
31963244	SRR28028209	SAMN40018023	05-05-23-V2	695553898		2024/03/22		https://trace.ncbi.nlm.nih.gov/Traces/sra/?run=SRR28028209	Mixture24-v2a-ctrl
31963243	SRR28028191	SAMN40018044	05-05-23-V2	548268700		2024/03/22		https://trace.ncbi.nlm.nih.gov/Traces/sra/?run=SRR28028191	Mixture03-v2a-ctrl
31963242	SRR28028211	SAMN40018045	05-05-23-V2	743985892		2024/03/22		https://trace.ncbi.nlm.nih.gov/Traces/sra/?run=SRR28028211	Mixture02-v2a-ctrl
31963241	SRR28028212	SAMN40018046	05-05-23-V2	713384689		2024/03/22		https://trace.ncbi.nlm.nih.gov/Traces/sra/?run=SRR28028212	Mixture01-v2a-ctrl
